2011-01-03 18:23:54,34.7025328875,135.498172045,16.0
2011-01-03 18:23:56,34.7025811672,135.498134494,16.0
2011-01-03 18:23:57,34.7026348114,135.498096943,12.0
2011-01-03 18:23:58,34.7026562691,135.498091578,12.0
2011-01-03 18:23:59,34.7026884556,135.498096943,12.0
2011-01-03 18:24:00,34.7027152777,135.498075485,8.0
2011-01-03 18:24:01,34.7027420998,135.498064756,12.0
2011-01-03 18:24:02,34.7027903795,135.498037934,8.0
2011-01-03 18:24:03,34.7027903795,135.498048663,12.0
2011-01-03 18:24:08,34.702860117,135.49803257,12.0
2011-01-03 18:24:09,34.7028815746,135.498037934,12.0
2011-01-03 18:24:12,34.7028762102,135.49803257,12.0
2011-01-03 18:24:17,34.7028815746,135.498021841,12.0
2011-01-03 18:24:18,34.7028815746,135.498011112,12.0
2011-01-03 18:24:23,34.7028762102,135.498000383,16.0
2011-01-03 18:24:36,34.7028708458,135.497989655,16.0
2011-01-03 18:24:50,34.7028654814,135.497978926,24.0
2011-01-03 18:24:54,34.702860117,135.497978926,24.0
2011-01-03 18:25:05,34.7028547525,135.497978926,24.0
2011-01-03 18:25:18,34.7026830912,135.498011112,32.0
2011-01-03 18:25:19,34.7026240826,135.498027205,32.0
2011-01-03 18:25:21,34.7025758028,135.497989655,32.0
2011-01-03 18:25:22,34.7025543451,135.497973561,32.0
2011-01-03 18:25:23,34.702527523,135.497957468,32.0
2011-01-03 18:25:24,34.7024953365,135.497946739,32.0
2011-01-03 18:25:25,34.7024577856,135.497925282,32.0
2011-01-03 18:25:26,34.7024309635,135.497925282,32.0
2011-01-03 18:25:27,34.7024041414,135.497898459,32.0
2011-01-03 18:25:28,34.7023719549,135.497903824,32.0
2011-01-03 18:25:32,34.7021895647,135.497893095,32.0
2011-01-03 18:25:33,34.702168107,135.49793601,32.0
2011-01-03 18:25:34,34.7021412849,135.49793601,32.0
2011-01-03 18:25:35,34.7021144629,135.497914553,32.0
2011-01-03 18:25:36,34.7020769119,135.497898459,32.0
2011-01-03 18:25:38,34.7020661831,135.497893095,32.0
2011-01-03 18:25:39,34.7020608187,135.497887731,32.0
2011-01-03 18:25:40,34.7020554543,135.497871637,32.0
2011-01-03 18:25:41,34.7020447254,135.497860909,24.0
2011-01-03 18:25:42,34.7020339966,135.497866273,24.0
2011-01-03 18:25:46,34.7020071745,135.497844815,24.0
2011-01-03 18:25:47,34.7020018101,135.497855544,24.0
2011-01-03 18:25:49,34.7019964457,135.497844815,24.0
2011-01-03 18:26:00,34.7020661831,135.498402715,12.0
2011-01-03 18:26:01,34.7020715475,135.498429537,12.0
2011-01-03 18:26:03,34.7020554543,135.498477817,12.0
2011-01-03 18:26:04,34.7020447254,135.498520732,12.0
2011-01-03 18:26:05,34.7020286322,135.498547554,12.0
2011-01-03 18:26:06,34.7020232677,135.498569012,12.0
2011-01-03 18:26:07,34.7020179033,135.498601198,12.0
2011-01-03 18:26:08,34.7020125389,135.498638749,12.0
2011-01-03 18:26:09,34.7020071745,135.498660207,12.0
2011-01-03 18:26:10,34.7019964457,135.498681664,12.0
2011-01-03 18:26:14,34.7019696236,135.498778224,12.0
2011-01-03 18:26:15,34.7019642591,135.498799682,12.0
2011-01-03 18:26:16,34.7019535303,135.498821139,12.0
2011-01-03 18:26:17,34.7019374371,135.498842597,12.0
2011-01-03 18:26:18,34.7019428015,135.498853326,12.0
2011-01-03 18:26:19,34.7019481659,135.498864055,12.0
2011-01-03 18:26:20,34.7019267082,135.498890877,12.0
2011-01-03 18:26:21,34.701910615,135.498923063,12.0
2011-01-03 18:26:22,34.7018945217,135.498960614,12.0
2011-01-03 18:26:23,34.7018784285,135.498987436,12.0
2011-01-03 18:26:24,34.7018676996,135.499008894,16.0
2011-01-03 18:26:28,34.7018301487,135.499100089,16.0
2011-01-03 18:26:29,34.7018355131,135.499126911,24.0
2011-01-03 18:26:30,34.7018301487,135.499148369,16.0
2011-01-03 18:26:31,34.7018140554,135.499169827,16.0
2011-01-03 18:26:32,34.7018033266,135.499191284,16.0
2011-01-03 18:26:33,34.7017765045,135.4992342,16.0
2011-01-03 18:26:34,34.7017496824,135.499255657,16.0
2011-01-03 18:26:35,34.7017282248,135.499277115,16.0
2011-01-03 18:26:36,34.7017228603,135.499293208,16.0
2011-01-03 18:26:37,34.7017121315,135.499314666,16.0
2011-01-03 18:26:38,34.7017014027,135.499336123,16.0
2011-01-03 18:26:42,34.7016906738,135.499421954,16.0
2011-01-03 18:26:43,34.7017014027,135.499421954,12.0
2011-01-03 18:26:44,34.7016853094,135.499448776,12.0
2011-01-03 18:26:45,34.701679945,135.499443412,16.0
2011-01-03 18:26:46,34.7016531229,135.499475598,16.0
2011-01-03 18:26:47,34.7016263008,135.499518514,16.0
2011-01-03 18:26:48,34.7016263008,135.499545336,16.0
2011-01-03 18:26:49,34.7016638517,135.499534607,12.0
2011-01-03 18:26:50,34.7017550468,135.499475598,12.0
2011-01-03 18:26:51,34.701910615,135.499352217,12.0
2011-01-03 18:26:52,34.7019696236,135.499314666,12.0
2011-01-03 18:26:56,34.7020608187,135.499314666,8.0
2011-01-03 18:26:57,34.7020769119,135.499314666,8.0
2011-01-03 18:26:58,34.7020930052,135.49932003,12.0
2011-01-03 18:26:59,34.7021144629,135.49932003,12.0
2011-01-03 18:27:00,34.7021359205,135.49932003,12.0
2011-01-03 18:27:01,34.7021520138,135.499314666,12.0
2011-01-03 18:27:02,34.7021734715,135.499309301,12.0
2011-01-03 18:27:03,34.7021842003,135.499314666,12.0
2011-01-03 18:27:04,34.7022002935,135.499314666,12.0
2011-01-03 18:27:05,34.7022163868,135.499293208,16.0
2011-01-03 18:27:06,34.7022378445,135.499298573,16.0
2011-01-03 18:27:10,34.7023504972,135.499293208,24.0
2011-01-03 18:27:11,34.7023665905,135.499293208,24.0
2011-01-03 18:27:12,34.7023880482,135.499277115,24.0
2011-01-03 18:27:13,34.702398777,135.49927175,24.0
2011-01-03 18:27:14,34.7024202347,135.499244928,24.0
2011-01-03 18:27:15,34.7024416924,135.499218106,24.0
2011-01-03 18:27:16,34.7024685144,135.499175191,24.0
2011-01-03 18:27:17,34.7024846077,135.499175191,24.0
2011-01-03 18:27:18,34.7025060654,135.499110818,24.0
2011-01-03 18:27:19,34.7025221586,135.499094725,24.0
2011-01-03 18:27:20,34.7025543451,135.49904108,24.0
2011-01-03 18:27:24,34.7026509047,135.498837233,24.0
2011-01-03 18:27:25,34.7026723623,135.49881041,24.0
2011-01-03 18:27:26,34.7026777267,135.498799682,24.0
2011-01-03 18:27:27,34.70269382,135.498799682,24.0
2011-01-03 18:27:28,34.7026991844,135.498783588,16.0
2011-01-03 18:27:29,34.7027152777,135.498762131,16.0
2011-01-03 18:27:30,34.7027206421,135.498756766,16.0
2011-01-03 18:27:31,34.7027313709,135.498746037,16.0
2011-01-03 18:27:32,34.7027528286,135.498703122,16.0
2011-01-03 18:27:33,34.702758193,135.498708487,16.0
2011-01-03 18:27:34,34.7027850151,135.4986763,16.0
2011-01-03 18:27:38,34.702822566,135.498595834,16.0
2011-01-03 18:27:39,34.7028332949,135.498590469,16.0
2011-01-03 18:27:40,34.7028279305,135.498595834,16.0
2011-01-03 18:27:41,34.7028332949,135.498606563,16.0
2011-01-03 18:27:44,34.7028279305,135.498606563,16.0
2011-01-03 18:27:45,34.7028279305,135.498617291,16.0
2011-01-03 18:27:46,34.7028332949,135.498617291,24.0
2011-01-03 18:27:52,34.7028493881,135.498595834,24.0
2011-01-03 18:27:54,34.7028386593,135.498595834,24.0
2011-01-03 18:27:55,34.7028279305,135.498622656,24.0
2011-01-03 18:27:56,34.7028172016,135.498654842,24.0
2011-01-03 18:27:57,34.7028118372,135.498649478,24.0
2011-01-03 18:27:58,34.7028172016,135.498649478,24.0
2011-01-03 18:27:59,34.7028118372,135.498649478,24.0
2011-01-03 18:28:00,34.7028011084,135.498670936,24.0
2011-01-03 18:28:01,34.7027957439,135.498681664,24.0
2011-01-03 18:28:06,34.7027903795,135.498703122,24.0
2011-01-03 18:28:07,34.7027850151,135.49872458,24.0
2011-01-03 18:28:09,34.7027850151,135.498740673,24.0
2011-01-03 18:28:10,34.7027903795,135.498740673,32.0
2011-01-03 18:28:20,34.7027689219,135.498874784,16.0
2011-01-03 18:28:21,34.702758193,135.498885512,16.0
2011-01-03 18:28:22,34.7027099133,135.498928428,16.0
2011-01-03 18:28:23,34.7026777267,135.499035716,16.0
2011-01-03 18:28:24,34.7026562691,135.499110818,16.0
2011-01-03 18:28:25,34.702629447,135.499164462,16.0
2011-01-03 18:28:26,34.702629447,135.499196649,16.0
2011-01-03 18:28:27,34.7026240826,135.499207377,16.0
2011-01-03 18:28:28,34.7026133537,135.499218106,16.0
2011-01-03 18:28:29,34.7026079893,135.499250293,24.0
2011-01-03 18:28:34,34.7025382519,135.49950242,24.0
2011-01-03 18:28:35,34.702527523,135.499529243,24.0
2011-01-03 18:28:36,34.702527523,135.499539971,24.0
2011-01-03 18:28:37,34.7025167942,135.499561429,24.0
2011-01-03 18:28:38,34.7025114298,135.499593616,24.0
2011-01-03 18:28:39,34.7024899721,135.499615073,32.0
2011-01-03 18:28:40,34.70246315,135.499631166,32.0
2011-01-03 18:28:41,34.7024577856,135.49964726,32.0
2011-01-03 18:28:42,34.70246315,135.499663353,24.0
2011-01-03 18:28:43,34.7025060654,135.499636531,24.0
2011-01-03 18:28:48,34.7025167942,135.499625802,16.0
2011-01-03 18:28:49,34.7025221586,135.499615073,16.0
2011-01-03 18:28:50,34.7025328875,135.499609709,16.0
2011-01-03 18:28:51,34.7025382519,135.499604344,16.0
2011-01-03 18:28:52,34.7025328875,135.499604344,16.0
2011-01-03 18:28:53,34.702527523,135.499593616,16.0
2011-01-03 18:28:54,34.7025382519,135.499577522,16.0
2011-01-03 18:28:55,34.7025489807,135.499566793,16.0
2011-01-03 18:28:56,34.7025489807,135.4995507,16.0
2011-01-03 18:28:57,34.7025436163,135.499566793,16.0
2011-01-03 18:29:02,34.7025543451,135.49964726,24.0
2011-01-03 18:29:03,34.7025382519,135.499668717,24.0
2011-01-03 18:29:04,34.7025167942,135.499706268,24.0
2011-01-03 18:29:05,34.7025060654,135.499749184,16.0
2011-01-03 18:29:06,34.7025060654,135.499770641,16.0
2011-01-03 18:29:07,34.7025114298,135.499765277,24.0
2011-01-03 18:29:10,34.7025114298,135.499754548,24.0
2011-01-03 18:29:16,34.7025114298,135.499765277,16.0
2011-01-03 18:29:22,34.7025060654,135.499770641,12.0
2011-01-03 18:29:23,34.7025114298,135.499770641,12.0
2011-01-03 18:29:33,34.7025060654,135.499776006,24.0
2011-01-03 18:29:45,34.7024202347,135.499797463,32.0
2011-01-03 18:29:46,34.7023773193,135.499824286,24.0
2011-01-03 18:29:47,34.7023451328,135.499851108,24.0
2011-01-03 18:29:48,34.7022914886,135.499872565,24.0
2011-01-03 18:29:49,34.7023022175,135.499947667,24.0
2011-01-03 18:29:50,34.7023129463,135.500028133,32.0
2011-01-03 18:29:51,34.7023129463,135.500103235,32.0
2011-01-03 18:29:52,34.7023397684,135.500156879,24.0
2011-01-03 18:29:53,34.7023504972,135.500210524,24.0
2011-01-03 18:29:54,34.7023665905,135.500285625,24.0
2011-01-03 18:29:58,34.7024095058,135.500392914,16.0
2011-01-03 18:29:59,34.7024202347,135.500403643,16.0
2011-01-03 18:30:00,34.7024255991,135.500414371,12.0
2011-01-03 18:30:01,34.7024255991,135.500446558,16.0
2011-01-03 18:30:02,34.7024202347,135.500457287,16.0
2011-01-03 18:30:03,34.7024148703,135.500462651,16.0
2011-01-03 18:30:04,34.7024202347,135.50047338,16.0
2011-01-03 18:30:08,34.7024148703,135.500484109,16.0
2011-01-03 18:30:12,34.7024202347,135.500494838,24.0
2011-01-03 18:30:26,34.7024202347,135.500484109,32.0
2011-01-03 18:30:55,34.7024202347,135.500510931,24.0
2011-01-03 18:30:56,34.7024416924,135.50052166,24.0
2011-01-03 18:30:57,34.7024524212,135.500559211,16.0
2011-01-03 18:30:58,34.7024846077,135.500580668,16.0
2011-01-03 18:30:59,34.7025060654,135.500687957,16.0
2011-01-03 18:31:00,34.702500701,135.500789881,16.0
2011-01-03 18:31:01,34.7024899721,135.500811338,16.0
2011-01-03 18:31:02,34.7025167942,135.500838161,16.0
2011-01-03 18:31:03,34.702527523,135.500902534,16.0
2011-01-03 18:31:04,34.7025436163,135.500961542,12.0
2011-01-03 18:31:08,34.7025811672,135.501009822,12.0
2011-01-03 18:31:09,34.7025865316,135.501015186,12.0
2011-01-03 18:31:10,34.7025918961,135.501009822,12.0
2011-01-03 18:31:11,34.7025972605,135.501020551,12.0
2011-01-03 18:31:13,34.7026026249,135.50103128,12.0
2011-01-03 18:31:14,34.7025972605,135.501036644,12.0
2011-01-03 18:31:15,34.7026026249,135.501042008,12.0
2011-01-03 18:31:26,34.7025972605,135.501047373,12.0
2011-01-03 18:31:31,34.7025758028,135.501095653,16.0
2011-01-03 18:31:32,34.7025758028,135.501122475,16.0
2011-01-03 18:31:36,34.7025221586,135.501235127,16.0
2011-01-03 18:31:37,34.7025811672,135.501283407,16.0
2011-01-03 18:31:38,34.7026240826,135.501315594,12.0
2011-01-03 18:31:39,34.7026455402,135.501363873,12.0
2011-01-03 18:31:40,34.7026455402,135.501379967,12.0
2011-01-03 18:31:41,34.7026455402,135.50139606,12.0
2011-01-03 18:31:42,34.7026509047,135.501406789,12.0
2011-01-03 18:31:43,34.7026562691,135.501406789,12.0
2011-01-03 18:31:44,34.7026509047,135.501422882,12.0
2011-01-03 18:31:45,34.7026509047,135.501433611,12.0
2011-01-03 18:31:46,34.7026562691,135.501438975,12.0
2011-01-03 18:31:50,34.7026616335,135.501455069,12.0
2011-01-03 18:32:00,34.7026669979,135.501455069,12.0
2011-01-03 18:33:02,34.7026723623,135.501460433,16.0
2011-01-03 18:33:14,34.7026401758,135.501471162,12.0
2011-01-03 18:33:15,34.7026240826,135.501465797,12.0
2011-01-03 18:33:16,34.7026079893,135.501465797,12.0
2011-01-03 18:33:17,34.7025918961,135.501460433,12.0
2011-01-03 18:33:18,34.7025811672,135.501455069,12.0
2011-01-03 18:33:19,34.702565074,135.501433611,12.0
2011-01-03 18:33:20,34.7025489807,135.50139606,16.0
2011-01-03 18:33:21,34.702527523,135.501379967,16.0
2011-01-03 18:33:22,34.702500701,135.501363873,16.0
2011-01-03 18:33:23,34.7024953365,135.501337051,16.0
2011-01-03 18:33:24,34.7024899721,135.501326323,16.0
2011-01-03 18:33:28,34.7024524212,135.501310229,16.0
2011-01-03 18:33:29,34.7024470568,135.501315594,16.0
2011-01-03 18:33:30,34.7024363279,135.501342416,16.0
2011-01-03 18:33:31,34.7024309635,135.501374602,16.0
2011-01-03 18:33:32,34.7024470568,135.501449704,16.0
2011-01-03 18:33:33,34.7024792433,135.501519442,16.0
2011-01-03 18:33:34,34.7024953365,135.501551628,12.0
2011-01-03 18:33:35,34.7025167942,135.50157845,12.0
2011-01-03 18:33:36,34.7025221586,135.501605272,12.0
2011-01-03 18:33:37,34.7025167942,135.501605272,12.0
2011-01-03 18:33:38,34.7025114298,135.501610637,12.0
2011-01-03 18:33:42,34.702500701,135.501637459,8.0
2011-01-03 18:33:43,34.702500701,135.501648188,8.0
2011-01-03 18:33:46,34.7025167942,135.501680374,8.0
2011-01-03 18:33:47,34.7025436163,135.501723289,8.0
2011-01-03 18:33:48,34.7025382519,135.501739383,8.0
2011-01-03 18:33:49,34.7025489807,135.501744747,8.0
2011-01-03 18:33:50,34.7025436163,135.501755476,8.0
2011-01-03 18:33:51,34.7025436163,135.501776934,8.0
2011-01-03 18:33:52,34.7025489807,135.501782298,8.0
2011-01-03 18:33:56,34.7025704384,135.501825213,8.0
2011-01-03 18:33:57,34.7025704384,135.501852036,12.0
2011-01-03 18:33:58,34.7025758028,135.501943231,12.0
2011-01-03 18:33:59,34.7025704384,135.501959324,12.0
2011-01-03 18:34:00,34.7025704384,135.501986146,12.0
2011-01-03 18:34:01,34.7025704384,135.502023697,12.0
2011-01-03 18:34:02,34.7025758028,135.502077341,12.0
2011-01-03 18:34:03,34.7025758028,135.502109528,12.0
2011-01-03 18:34:04,34.7025758028,135.502125621,12.0
2011-01-03 18:34:05,34.7025811672,135.502152443,12.0
2011-01-03 18:34:06,34.7026079893,135.502189994,12.0
2011-01-03 18:34:10,34.702629447,135.502238274,12.0
2011-01-03 18:34:11,34.702629447,135.502249002,12.0
2011-01-03 18:34:12,34.702629447,135.502259731,12.0
2011-01-03 18:34:13,34.7026348114,135.502265096,12.0
2011-01-03 18:34:14,34.7026723623,135.502281189,12.0
2011-01-03 18:34:15,34.7026669979,135.502281189,12.0
2011-01-03 18:34:16,34.7026723623,135.502286553,12.0
2011-01-03 18:34:17,34.7026669979,135.502291918,12.0
2011-01-03 18:34:18,34.7026830912,135.502302647,12.0
2011-01-03 18:34:19,34.70269382,135.502302647,12.0
2011-01-03 18:34:20,34.70269382,135.50231874,12.0
2011-01-03 18:34:24,34.7027045488,135.50236702,8.0
2011-01-03 18:34:25,34.7027206421,135.502399206,12.0
2011-01-03 18:34:26,34.7027152777,135.502399206,12.0
2011-01-03 18:34:27,34.7027099133,135.502399206,12.0
2011-01-03 18:34:28,34.7027152777,135.502404571,12.0
2011-01-03 18:34:29,34.7027206421,135.502399206,12.0
2011-01-03 18:34:32,34.7027206421,135.502388477,12.0
2011-01-03 18:34:55,34.7027152777,135.502393842,16.0
2011-01-03 18:35:07,34.7027206421,135.502393842,16.0
2011-01-03 18:35:11,34.7027152777,135.502393842,16.0
2011-01-03 18:35:20,34.7027099133,135.502404571,16.0
2011-01-03 18:35:41,34.7027152777,135.502399206,24.0
2011-01-03 18:35:51,34.7027099133,135.502399206,32.0
2011-01-03 18:35:52,34.7027152777,135.502399206,32.0
2011-01-03 18:35:54,34.7027099133,135.502399206,32.0
2011-01-03 18:35:55,34.7027152777,135.502399206,32.0
2011-01-03 18:36:36,34.7028440237,135.502442122,12.0
2011-01-03 18:36:37,34.7028762102,135.502468944,12.0
2011-01-03 18:36:38,34.7028815746,135.502468944,12.0
2011-01-03 18:36:39,34.7029083967,135.502479672,16.0
2011-01-03 18:36:40,34.7029083967,135.502490401,16.0
2011-01-03 18:36:41,34.7029191256,135.50250113,16.0
2011-01-03 18:36:43,34.70292449,135.502495766,16.0
2011-01-03 18:36:47,34.7029942274,135.502527952,16.0
2011-01-03 18:36:48,34.7030049562,135.502522588,16.0
2011-01-03 18:36:49,34.7030156851,135.502517223,16.0
2011-01-03 18:36:51,34.7030049562,135.502533317,16.0
2011-01-03 18:36:52,34.7029995918,135.502538681,16.0
2011-01-03 18:36:53,34.7029942274,135.502538681,16.0
2011-01-03 18:36:55,34.7029995918,135.502544045,16.0
2011-01-03 18:36:56,34.7030103207,135.50254941,16.0
2011-01-03 18:36:57,34.7030049562,135.502554774,24.0
2011-01-03 18:37:01,34.7030425072,135.502533317,24.0
2011-01-03 18:37:02,34.7030639648,135.502506495,32.0
2011-01-03 18:37:03,34.7031229734,135.50245285,32.0
2011-01-03 18:37:04,34.7031444311,135.502383113,32.0
2011-01-03 18:37:05,34.7031605244,135.502468944,24.0
2011-01-03 18:37:06,34.7031712532,135.502468944,24.0
2011-01-03 18:37:07,34.7031873465,135.502458215,24.0
2011-01-03 18:37:08,34.7031927109,135.502442122,24.0
2011-01-03 18:37:09,34.7031980753,135.502479672,24.0
2011-01-03 18:37:10,34.7032302618,135.502485037,24.0
2011-01-03 18:37:11,34.7032463551,135.502522588,24.0
2011-01-03 18:37:15,34.7032731771,135.502533317,16.0
2011-01-03 18:37:16,34.7032731771,135.502522588,16.0
2011-01-03 18:37:17,34.7032517195,135.502511859,16.0
2011-01-03 18:37:18,34.7032463551,135.502517223,16.0
2011-01-03 18:37:20,34.7032570839,135.502527952,12.0
2011-01-03 18:37:21,34.7032678127,135.502506495,12.0
2011-01-03 18:37:22,34.703283906,135.502511859,12.0
2011-01-03 18:37:23,34.7032999992,135.502554774,12.0
2011-01-03 18:37:24,34.7033160925,135.502576232,12.0
2011-01-03 18:37:25,34.7033321857,135.502608418,12.0
2011-01-03 18:37:29,34.7033697367,135.502624512,8.0
2011-01-03 18:37:30,34.7033751011,135.502640605,8.0
2011-01-03 18:37:31,34.7033858299,135.502662063,8.0
2011-01-03 18:37:32,34.7033804655,135.502678156,8.0
2011-01-03 18:37:33,34.7033858299,135.50268352,8.0
2011-01-03 18:37:35,34.7033965588,135.502672791,8.0
2011-01-03 18:37:36,34.7034019232,135.502678156,12.0
2011-01-03 18:37:37,34.7034072876,135.502672791,12.0
2011-01-03 18:37:43,34.7034233809,135.502651334,12.0
2011-01-03 18:37:45,34.7034233809,135.502640605,12.0
2011-01-03 18:37:46,34.703412652,135.502651334,12.0
2011-01-03 18:37:49,34.7034180164,135.502656698,16.0
2011-01-03 18:37:50,34.703412652,135.502672791,16.0
2011-01-03 18:37:51,34.7034394741,135.502678156,16.0
2011-01-03 18:37:52,34.7034341097,135.502667427,16.0
2011-01-03 18:37:53,34.7034394741,135.502662063,16.0
2011-01-03 18:37:57,34.7034877539,135.502635241,16.0
2011-01-03 18:37:58,34.7034877539,135.502645969,16.0
2011-01-03 18:37:59,34.7034823895,135.502640605,16.0
2011-01-03 18:38:00,34.7035038471,135.502608418,16.0
2011-01-03 18:38:01,34.7035199404,135.502581596,16.0
2011-01-03 18:38:02,34.7035253048,135.502554774,16.0
2011-01-03 18:38:03,34.703541398,135.502522588,16.0
2011-01-03 18:38:04,34.7035574913,135.502544045,16.0
2011-01-03 18:38:05,34.703578949,135.502554774,16.0
2011-01-03 18:38:06,34.7035950422,135.502538681,16.0
2011-01-03 18:38:07,34.7036057711,135.502565503,16.0
2011-01-03 18:38:11,34.7036647797,135.50259769,12.0
2011-01-03 18:38:12,34.7036540508,135.502603054,12.0
2011-01-03 18:38:13,34.7036379576,135.50259769,12.0
2011-01-03 18:38:14,34.7036325932,135.502635241,12.0
2011-01-03 18:38:15,34.7036379576,135.502678156,12.0
2011-01-03 18:38:17,34.7036594152,135.502704978,12.0
2011-01-03 18:38:18,34.703643322,135.502710342,12.0
2011-01-03 18:38:19,34.7036701441,135.502721071,12.0
2011-01-03 18:38:20,34.7036916018,135.502710342,12.0
2011-01-03 18:38:21,34.7036862373,135.502704978,12.0
2011-01-03 18:38:25,34.7037130594,135.502710342,12.0
2011-01-03 18:38:26,34.7037237883,135.502694249,12.0
2011-01-03 18:38:27,34.7037452459,135.502678156,16.0
2011-01-03 18:38:29,34.7037667036,135.502640605,16.0
2011-01-03 18:38:30,34.7037774324,135.502640605,16.0
2011-01-03 18:38:31,34.7037988901,135.502640605,16.0
2011-01-03 18:38:32,34.7038149834,135.502635241,16.0
2011-01-03 18:38:33,34.7038096189,135.502629876,16.0
2011-01-03 18:38:34,34.7038203478,135.502635241,16.0
2011-01-03 18:38:35,34.7038257122,135.502629876,16.0
2011-01-03 18:38:39,34.7038257122,135.502662063,24.0
2011-01-03 18:38:40,34.7038203478,135.502645969,24.0
2011-01-03 18:38:41,34.7038096189,135.502651334,24.0
2011-01-03 18:38:42,34.7037935257,135.502651334,24.0
2011-01-03 18:38:43,34.7037452459,135.502629876,16.0
2011-01-03 18:38:44,34.7037506104,135.502613783,24.0
2011-01-03 18:38:45,34.7037506104,135.502570868,24.0
2011-01-03 18:38:46,34.7037613392,135.50254941,24.0
2011-01-03 18:38:47,34.7037130594,135.502533317,24.0
2011-01-03 18:38:48,34.7036916018,135.502522588,16.0
2011-01-03 18:38:49,34.7037023306,135.502517223,16.0
2011-01-03 18:38:53,34.7036701441,135.502533317,12.0
2011-01-03 18:38:54,34.7036647797,135.502527952,12.0
2011-01-03 18:38:55,34.7036486864,135.502538681,12.0
2011-01-03 18:38:56,34.7036540508,135.502544045,12.0
2011-01-03 18:38:57,34.7036486864,135.50254941,12.0
2011-01-03 18:38:58,34.7036594152,135.502538681,12.0
2011-01-03 18:38:59,34.7036486864,135.502544045,12.0
2011-01-03 18:39:00,34.7036325932,135.502544045,12.0
2011-01-03 18:39:01,34.703643322,135.502538681,12.0
2011-01-03 18:39:02,34.7036272287,135.502522588,12.0
2011-01-03 18:39:25,34.7035360336,135.502431393,32.0
2011-01-03 18:39:25,34.7035360336,135.502431393,32.0
2011-01-03 18:39:26,34.7035092115,135.502426028,32.0
2011-01-03 18:39:26,34.7035092115,135.502426028,32.0
2011-01-03 18:39:27,34.7035038471,135.502447486,32.0
2011-01-03 18:39:27,34.7035038471,135.502447486,32.0
2011-01-03 18:39:28,34.7035092115,135.502463579,24.0
2011-01-03 18:39:28,34.7035092115,135.502463579,24.0
2011-01-03 18:39:30,34.7035038471,135.502485037,24.0
2011-01-03 18:39:30,34.7035038471,135.502485037,24.0
2011-01-03 18:39:31,34.703477025,135.502522588,24.0
2011-01-03 18:39:31,34.703477025,135.502522588,24.0
2011-01-03 18:39:32,34.7034448385,135.502538681,24.0
2011-01-03 18:39:32,34.7034448385,135.502538681,24.0
2011-01-03 18:39:33,34.7034394741,135.50254941,24.0
2011-01-03 18:39:33,34.7034394741,135.50254941,24.0
2011-01-03 18:39:34,34.7033858299,135.502581596,24.0
2011-01-03 18:39:34,34.7033858299,135.502581596,24.0
2011-01-03 18:39:35,34.7034019232,135.502538681,16.0
2011-01-03 18:39:35,34.7034019232,135.502538681,16.0
2011-01-03 18:39:39,34.7033536434,135.502608418,12.0
2011-01-03 18:39:39,34.7033536434,135.502608418,12.0
2011-01-03 18:39:41,34.7033590078,135.502613783,12.0
2011-01-03 18:39:41,34.7033590078,135.502613783,12.0
2011-01-03 18:39:45,34.7033590078,135.502629876,12.0
2011-01-03 18:39:45,34.7033590078,135.502629876,12.0
2011-01-03 18:39:46,34.703348279,135.502624512,12.0
2011-01-03 18:39:46,34.703348279,135.502624512,12.0
2011-01-03 18:39:48,34.7033429146,135.502613783,12.0
2011-01-03 18:39:48,34.7033429146,135.502613783,12.0
2011-01-03 18:39:49,34.703348279,135.502603054,12.0
2011-01-03 18:39:49,34.703348279,135.502603054,12.0
2011-01-03 18:39:53,34.7033321857,135.502608418,16.0
2011-01-03 18:39:53,34.7033321857,135.502608418,16.0
2011-01-03 18:39:55,34.703348279,135.502629876,16.0
2011-01-03 18:39:55,34.703348279,135.502629876,16.0
2011-01-03 18:39:56,34.7033536434,135.502635241,16.0
2011-01-03 18:39:56,34.7033536434,135.502635241,16.0
2011-01-03 18:39:57,34.7033429146,135.502640605,16.0
2011-01-03 18:39:57,34.7033429146,135.502640605,16.0
2011-01-03 18:39:58,34.7033107281,135.502570868,16.0
2011-01-03 18:39:58,34.7033107281,135.502570868,16.0
2011-01-03 18:39:59,34.7032785416,135.502570868,16.0
2011-01-03 18:39:59,34.7032785416,135.502570868,16.0
2011-01-03 18:40:00,34.7032892704,135.502586961,16.0
2011-01-03 18:40:00,34.7032892704,135.502586961,16.0
2011-01-03 18:40:01,34.703283906,135.502603054,16.0
2011-01-03 18:40:01,34.703283906,135.502603054,16.0
2011-01-03 18:40:02,34.7032570839,135.502586961,16.0
2011-01-03 18:40:02,34.7032570839,135.502586961,16.0
2011-01-03 18:40:03,34.7032517195,135.50259769,16.0
2011-01-03 18:40:03,34.7032517195,135.50259769,16.0
2011-01-03 18:40:07,34.7032624483,135.502645969,12.0
2011-01-03 18:40:07,34.7032624483,135.502645969,12.0
2011-01-03 18:40:08,34.7032731771,135.502645969,12.0
2011-01-03 18:40:08,34.7032731771,135.502645969,12.0
2011-01-03 18:40:09,34.703283906,135.502667427,12.0
2011-01-03 18:40:09,34.703283906,135.502667427,12.0
2011-01-03 18:40:12,34.703283906,135.502678156,12.0
2011-01-03 18:40:12,34.703283906,135.502678156,12.0
2011-01-03 18:40:13,34.7032785416,135.502694249,12.0
2011-01-03 18:40:13,34.7032785416,135.502694249,12.0
2011-01-03 18:40:14,34.7032731771,135.502694249,12.0
2011-01-03 18:40:14,34.7032731771,135.502694249,12.0
2011-01-03 18:40:15,34.7032678127,135.502694249,12.0
2011-01-03 18:40:15,34.7032678127,135.502694249,12.0
2011-01-03 18:40:16,34.7032731771,135.502694249,12.0
2011-01-03 18:40:16,34.7032731771,135.502694249,12.0
2011-01-03 18:40:17,34.7032678127,135.502694249,12.0
2011-01-03 18:40:17,34.7032678127,135.502694249,12.0
